"","Variable","a","lf","PDR"
"1","T0",2.248952,11.25,17.33263
"2","TM",40.13383,37.22,42.19592
"3","c",0.00027196375,-0.3,0.00013589075
