,Variable,a_aegypti,PDR_aegypti,a_albopictus
1,T0,2.248952,17.33263,14.67
2,TM,40.13383,42.19592,41
3,c,0.000271964,0.000135891,2.71E-04
